iter	loss_d	loss_g	p_real	p_fake	p_gen	V	S	B	Xi
1	1.48762	3.34422	0.53462	0.55983	0.02554	1.0	3.34538	-0.09277	-0.20178
